{"cameraMode":{"drawMode":0,"name":"Shaded","section":"Shading Mode"},"sceneLighting":false,"audioPlay":false,"sceneViewState":{"showFog":true,"showMaterialUpdate":false,"showSkybox":false,"showFlares":true,"showImageEffects":true,"showParticleSystems":true},"in2DMode":false,"pivot":{"x":582.9320068359375,"y":243.4444122314453,"z":-49.143524169921878},"rotation":{"x":-0.14677219092845918,"y":-0.008312089368700982,"z":0.0012343429261818529,"w":-0.9891378879547119},"size":190.658935546875,"orthographic":false}